S.No,Symbol
1,20MICRONS.NS
2,21STCENMGM.NS
3,360ONE.NS
4,3BBLACKBIO.NS
5,3IINFOLTD.NS
6,3MINDIA.NS
7,3PLAND.NS
8,5PAISA.NS
9,63MOONS.NS
10,A2ZINFRA.NS
11,AAATECH.NS
12,AADHARHFC.NS
13,AAKASH.NS
14,AAREYDRUGS.NS
15,AARNAV.NS
16,AARON.NS
17,AARTECH.NS
18,AARTIDRUGS.NS
19,AARTIIND.NS
20,AARTIPHARM.NS
21,AARTISURF.NS
22,AARVI.NS
23,AAVAS.NS
24,ABANSENT.NS
25,ABB.NS
26,ABBOTINDIA.NS
27,ABCAPITAL.NS
28,ABCOTS.NS
29,ABDL.NS
30,ABFRL.NS
31,ABINFRA.NS
32,ABLBL.NS
33,ABMINTLLTD.NS
34,ABMKNO.NS
35,ABREL.NS
36,ABSLAMC.NS
37,ACC.NS
38,ACCELYA.NS
39,ACCURACY.NS
40,ACE.NS
41,ACEINTEG.NS
42,ACI.NS
43,ACL.NS
44,ACMESOLAR.NS
45,ACSTECH.NS
46,ACUTAAS.NS
47,ADANIENSOL.NS
48,ADANIENT.NS
49,ADANIGREEN.NS
50,ADANIPORTS.NS
51,ADANIPOWER.NS
52,ADFFOODS.NS
53,ADL.NS
54,ADOR.NS
55,ADROITINFO.NS
56,ADSL.NS
57,ADVAIT.NS
58,ADVANCE.NS
59,ADVANIHOTR.NS
60,ADVENTHTL.NS
61,ADVENZYMES.NS
62,AEGISLOG.NS
63,AEGISVOPAK.NS
64,AEPL.NS
65,AEQUS.NS
66,AEROENTER.NS
67,AEROFLEX.NS
68,AERONEU.NS
69,AETHER.NS
70,AFCONS.NS
71,AFFLE.NS
72,AFFORDABLE.NS
73,AFIL.NS
74,AFSL.NS
75,AGARIND.NS
76,AGARWALEYE.NS
77,AGI.NS
78,AGIIL.NS
79,AGRITECH.NS
80,AGROPHOS.NS
81,AHCL.NS
82,AHLADA.NS
83,AHLEAST.NS
84,AHLUCONT.NS
85,AHLWEST.NS
86,AIAENG.NS
87,AIIL.NS
88,AIRAN.NS
89,AIROLAM.NS
90,AJANTPHARM.NS
91,AJAXENGG.NS
92,AJMERA.NS
93,AJOONI.NS
94,AKASH.NS
95,AKCAPIT.NS
96,AKG.NS
97,AKI.NS
98,AKSHAR.NS
99,AKSHARCHEM.NS
100,AKSHOPTFBR.NS
101,AKUMS.NS
102,ALANKIT.NS
103,ALBERTDAVD.NS
104,ALEMBICLTD.NS
105,ALGOQUANT.NS
106,ALICON.NS
107,ALIVUS.NS
108,ALKALI.NS
109,ALKEM.NS
110,ALKYLAMINE.NS
111,ALLCARGO.NS
112,ALLDIGI.NS
113,ALLTIME.NS
114,ALMONDZ.NS
115,ALOKINDS.NS
116,ALPA.NS
117,ALPHAGEO.NS
118,AMAGI.NS
119,AMANTA.NS
120,AMBALALSA.NS
121,AMBER.NS
122,AMBICAAGAR.NS
123,AMBIKCO.NS
124,AMBUJACEM.NS
125,AMDIND.NS
127,AMJLAND.NS
128,AMNPLST.NS
129,AMRUTANJAN.NS
130,ANANDRATHI.NS
131,ANANTRAJ.NS
132,ANDHRAPAP.NS
133,ANDHRSUGAR.NS
134,ANGELONE.NS
135,ANIKINDS.NS
136,ANKITMETAL.NS
137,ANMOL.NS
138,ANSALAPI.NS
139,ANTELOPUS.NS
140,ANTGRAPHIC.NS
141,ANTHEM.NS
142,ANUHPHR.NS
143,ANUP.NS
144,ANURAS.NS
145,APARINDS.NS
146,APCL.NS
147,APCOTEXIND.NS
148,APEX.NS
149,APLAPOLLO.NS
150,APLLTD.NS
151,APOLLO.NS
152,APOLLOHOSP.NS
153,APOLLOPIPE.NS
154,APOLLOTYRE.NS
155,APOLSINHOT.NS
156,APTECHT.NS
157,APTUS.NS
158,AQYLON.NS
159,ARCHIDPLY.NS
160,ARCHIES.NS
161,ARE&M.NS
162,ARENTERP.NS
163,ARFIN.NS
164,ARIES.NS
165,ARIHANT.NS
166,ARIHANTCAP.NS
167,ARIHANTSUP.NS
168,ARIS.NS
169,ARKADE.NS
170,ARMANFIN.NS
171,AROGRANITE.NS
172,ARROWGREEN.NS
173,ARSHIYA.NS
174,ARSSBL.NS
175,ARTEMISMED.NS
176,ARTNIRMAN.NS
177,ARVEE.NS
178,ARVIND.NS
179,ARVINDFASN.NS
180,ARVSMART.NS
181,ASAHIINDIA.NS
182,ASAHISONG.NS
183,ASAL.NS
184,ASALCBR.NS
185,ASHAPURMIN.NS
186,ASHIANA.NS
188,ASHIMASYN.NS
189,ASHOKA.NS
190,ASHOKAMET.NS
191,ASHOKLEY.NS
192,ASIANENE.NS
193,ASIANHOTNR.NS
194,ASIANPAINT.NS
195,ASIANTILES.NS
196,ASKAUTOLTD.NS
197,ASMS.NS
198,ASPINWALL.NS
199,ASTAR.NS
200,ASTEC.NS
201,ASTERDM.NS
202,ASTRAL.NS
203,ASTRAMICRO.NS
204,ASTRAZEN.NS
205,ASTRON.NS
206,ATALREAL.NS
207,ATAM.NS
208,ATGL.NS
209,ATHERENERG.NS
210,ATL.NS
211,ATLANTAA.NS
212,ATLANTAELE.NS
213,ATLASCYCLE.NS
214,ATUL.NS
215,ATULAUTO.NS
216,AUBANK.NS
218,AURIONPRO.NS
219,AUROPHARMA.NS
220,AURUM.NS
221,AUSOMENT.NS
222,AUTOAXLES.NS
223,AUTOIND.NS
224,AVADHSUGAR.NS
225,AVALON.NS
226,AVANTEL.NS
227,AVANTIFEED.NS
228,AVG.NS
229,AVL.NS
230,AVONMORE.NS
231,AVROIND.NS
232,AVTNPL.NS
233,AWFIS.NS
234,AWHCL.NS
235,AWL.NS
236,AXISBANK.NS
237,AXISCADES.NS
238,AXITA.NS
239,AYE.NS
240,AYMSYNTEX.NS
241,AZAD.NS
242,BAFNAPH.NS
243,BAGFILMS.NS
244,BAIDFIN.NS
245,BAJAJ-AUTO.NS
246,BAJAJCON.NS
247,BAJAJELEC.NS
248,BAJAJFINSV.NS
249,BAJAJHCARE.NS
250,BAJAJHFL.NS
251,BAJAJHIND.NS
252,BAJAJHLDNG.NS
253,BAJAJINDEF.NS
254,BAJAJST.NS
255,BAJEL.NS
256,BAJFINANCE.NS
257,BALAJEE.NS
258,BALAJITELE.NS
259,BALAMINES.NS
260,BALAXI.NS
261,BALKRISHNA.NS
262,BALKRISIND.NS
263,BALMLAWRIE.NS
264,BALPHARMA.NS
265,BALRAMCHIN.NS
266,BALUFORGE.NS
267,BANARBEADS.NS
268,BANARISUG.NS
269,BANCOINDIA.NS
270,BANDHANBNK.NS
271,BANG.NS
272,BANKA.NS
273,BANKBARODA.NS
274,BANKINDIA.NS
275,BANSALWIRE.NS
276,BANSWRAS.NS
277,BASF.NS
278,BASML.NS
279,BATAINDIA.NS
280,BATLIBOI.NS
281,BAYERCROP.NS
282,BBL.NS
283,BBOX.NS
284,BBTC.NS
285,BBTCL.NS
286,BCG.NS
287,BCLIND.NS
288,BCONCEPTS.NS
289,BCPL.NS
290,BDL.NS
291,BEARDSELL.NS
292,BECTORFOOD.NS
293,BEDMUTHA.NS
294,BEEKAY.NS
295,BEL.NS
296,BELLACASA.NS
297,BELRISE.NS
298,BEML.NS
299,BENGALASM.NS
300,BEPL.NS
301,BERGEPAINT.NS
302,BESTAGRO.NS
303,BETA.NS
304,BFINVEST.NS
305,BFUTILITIE.NS
306,BGRENERGY.NS
307,BHAGCHEM.NS
308,BHAGERIA.NS
309,BHAGYANGR.NS
310,BHANDARI.NS
311,BHARATCOAL.NS
312,BHARATFORG.NS
313,BHARATGEAR.NS
314,BHARATRAS.NS
315,BHARATSE.NS
316,BHARATWIRE.NS
317,BHARTIARTL.NS
318,BHARTIHEXA.NS
319,BHEL.NS
320,BI.NS
321,BIGBLOC.NS
322,BIKAJI.NS
323,BIL.NS
324,BILVYAPAR.NS
325,BIMETAL.NS
326,BIOCON.NS
327,BIOFILCHEM.NS
328,BIRLACABLE.NS
329,BIRLACORPN.NS
330,BIRLAMONEY.NS
331,BIRLANU.NS
332,BIRLAPREC.NS
333,BLACKBUCK.NS
334,BLACKROSE.NS
335,BLAL.NS
336,BLBLIMITED.NS
337,BLIL.NS
338,BLISSGVS.NS
339,BLKASHYAP.NS
340,BLS.NS
341,BLSE.NS
342,BLUECOAST.NS
343,BLUEDART.NS
344,BLUEJET.NS
345,BLUESTARCO.NS
346,BLUESTONE.NS
347,BLUSPRING.NS
348,BMWVENTLTD.NS
349,BNAGROCHEM.NS
350,BNALTD.NS
351,BODALCHEM.NS
352,BOHRAIND.NS
353,BOMDYEING.NS
354,BONLON.NS
355,BORANA.NS
356,BOROLTD.NS
357,BORORENEW.NS
358,BOROSCI.NS
359,BOSCH-HCIL.NS
360,BOSCHLTD.NS
361,BPCL.NS
362,BPL.NS
363,BRIGADE.NS
364,BRIGHOTEL.NS
365,BRITANNIA.NS
366,BRNL.NS
367,BROOKS.NS
368,BSE.NS
369,BSHSL.NS
370,BSL.NS
371,BSOFT.NS
372,BTML.NS
373,BTTL.NS
374,BUILDPRO.NS
375,BUTTERFLY.NS
376,BVCL.NS
377,BYKE.NS
378,CALSOFT.NS
379,CAMLINFINE.NS
380,CAMPUS.NS
381,CAMS.NS
382,CANBK.NS
383,CANFINHOME.NS
384,CANHLIFE.NS
385,CANTABIL.NS
386,CAPACITE.NS
387,CAPILLARY.NS
388,CAPITALSFB.NS
389,CAPLIPOINT.NS
390,CAPTRUST.NS
391,CARBORUNIV.NS
392,CARERATING.NS
393,CARRARO.NS
394,CARTRADE.NS
395,CARYSIL.NS
396,CASTROLIND.NS
397,CCAVENUE.NS
398,CCCL.NS
399,CCHHL.NS
400,CCL.NS
401,CDSL.NS
402,CEATLTD.NS
403,CEIGALL.NS
404,CEINSYS.NS
405,CELEBRITY.NS
406,CELLO.NS
407,CEMPRO.NS
408,CENTENKA.NS
409,CENTEXT.NS
410,CENTRALBK.NS
411,CENTRUM.NS
412,CENTUM.NS
413,CENTURYPLY.NS
414,CERA.NS
415,CEREBRAINT.NS
416,CESC.NS
417,CEWATER.NS
418,CGCL.NS
419,CGPOWER.NS
420,CHALET.NS
421,CHAMBLFERT.NS
422,CHEMBOND.NS
423,CHEMBONDCH.NS
424,CHEMCON.NS
425,CHEMFAB.NS
426,CHEMPLASTS.NS
427,CHENNPETRO.NS
428,CHEVIOT.NS
429,CHOICEIN.NS
430,CHOLAFIN.NS
431,CHOLAHLDNG.NS
432,CIEINDIA.NS
433,CIFL.NS
434,CINELINE.NS
435,CINEVISTA.NS
436,CIPLA.NS
437,CLEAN.NS
438,CLEANMAX.NS
439,CLEDUCATE.NS
440,CLSEL.NS
441,CMPDI.NS
442,CMRGREEN.NS
443,CMSINFO.NS
444,CNL.NS
445,COALINDIA.NS
446,COASTCORP.NS
447,COCHINSHIP.NS
448,COCKERILL.NS
449,COFFEEDAY.NS
450,COFORGE.NS
451,COHANCE.NS
452,COLPAL.NS
453,COMFINTE.NS
454,COMPINFO.NS
455,COMPUSOFT.NS
456,COMSYN.NS
457,CONCOR.NS
458,CONCORDBIO.NS
459,CONFIPET.NS
460,CONSOFINVT.NS
461,CONTROLPR.NS
462,CORALFINAC.NS
463,CORDSCABLE.NS
464,COROMANDEL.NS
465,CORONA.NS
466,COSMOFIRST.NS
467,COUNCODOS.NS
468,CPCAP.NS
469,CPEDU.NS
470,CPPLUS.NS
471,CRAFTSMAN.NS
472,CRAMC.NS
473,CREATIVEYE.NS
474,CREDITACC.NS
475,CREST.NS
476,CRISIL.NS
477,CRIZAC.NS
478,CROMPTON.NS
479,CROWN.NS
480,CSBBANK.NS
481,CSLFINANCE.NS
482,CTE.NS
483,CUB.NS
484,CUBEXTUB.NS
485,CUMMINSIND.NS
486,CUPID.NS
487,CURAA.NS
488,CYBERMEDIA.NS
489,CYBERTECH.NS
490,CYIENT.NS
491,CYIENTDLM.NS
492,DABUR.NS
493,DAICHI.NS
494,DALBHARAT.NS
495,DALMIASUG.NS
496,DAMCAPITAL.NS
497,DAMODARIND.NS
498,DANGEE.NS
499,DATAMATICS.NS
500,DATAPATTNS.NS
501,DAVANGERE.NS
502,DBCORP.NS
503,DBEIL.NS
504,DBL.NS
505,DBOL.NS
506,DBREALTY.NS
507,DBSTOCKBRO.NS
508,DCAL.NS
509,DCBBANK.NS
510,DCI.NS
511,DCM.NS
512,DCMFINSERV.NS
513,DCMNVL.NS
514,DCMSHRIRAM.NS
515,DCMSIL.NS
516,DCMSRIND.NS
517,DCW.NS
518,DCXINDIA.NS
519,DDEVPLSTIK.NS
520,DECCANCE.NS
521,DECNGOLD.NS
522,DEEDEV.NS
523,DEEPAKFERT.NS
524,DEEPAKNTR.NS
525,DEEPINDS.NS
526,DELHIVERY.NS
527,DELPHIFX.NS
528,DELTACORP.NS
529,DELTAMAGNT.NS
530,DEN.NS
531,DENORA.NS
532,DENTA.NS
533,DEVIT.NS
534,DEVX.NS
535,DEVYANI.NS
536,DGCONTENT.NS
537,DHAMPURSUG.NS
538,DHANBANK.NS
539,DHANUKA.NS
540,DHARAN.NS
541,DHARMAJ.NS
542,DHRUV.NS
543,DHUNINV.NS
544,DIACABS.NS
545,DIAMINESQ.NS
546,DIAMONDYD.NS
547,DICIND.NS
548,DIFFNKG.NS
549,DIGIDRIVE.NS
550,DIGISPICE.NS
551,DIGITIDE.NS
552,DIGJAMLMTD.NS
553,DISAQ.NS
554,DISHTV.NS
555,DIVGIITTS.NS
556,DIVISLAB.NS
557,DIXON.NS
558,DJML.NS
559,DLF.NS
560,DLINKINDIA.NS
561,DMART.NS
562,DMCC.NS
563,DNAMEDIA.NS
564,DODLA.NS
565,DOLATALGO.NS
566,DOLLAR.NS
567,DOLPHIN.NS
568,DOMS.NS
569,DONEAR.NS
570,DPABHUSHAN.NS
571,DPSCLTD.NS
572,DPWIRES.NS
573,DRAGARWQ.NS
574,DRCSYSTEMS.NS
575,DREAMFOLKS.NS
576,DREDGECORP.NS
577,DRREDDY.NS
578,DSFCL.NS
579,DSSL.NS
580,DTIL.NS
581,DUCON.NS
582,DVL.NS
583,DWARKESH.NS
584,DYCL.NS
585,DYNAMATECH.NS
586,DYNPRO.NS
587,E2E.NS
588,EASEMYTRIP.NS
589,EASTSILK.NS
590,EBGNG.NS
591,ECLERX.NS
592,ECOSMOBLTY.NS
593,EDELWEISS.NS
594,EFCIL.NS
595,EICHERMOT.NS
596,EIDPARRY.NS
597,EIEL.NS
598,EIFFL.NS
599,EIHAHOTELS.NS
600,EIHOTEL.NS
601,EIMCOELECO.NS
602,EKC.NS
603,ELANTAS.NS
604,ELCIDIN.NS
605,ELDEHSG.NS
606,ELECON.NS
607,ELECTCAST.NS
608,ELECTHERM.NS
609,ELGIEQUIP.NS
610,ELGIRUBCO.NS
611,ELIN.NS
612,ELITECON.NS
613,ELLEN.NS
614,ELPROINTL.NS
615,EMAMILTD.NS
616,EMAMIPAP.NS
617,EMAMIREAL.NS
618,EMBDL.NS
619,EMCURE.NS
620,EMIL.NS
621,EMKAY.NS
622,EMMBI.NS
623,EMMVEE.NS
624,EMPOWER.NS
625,EMSLIMITED.NS
626,EMUDHRA.NS
627,ENDURANCE.NS
628,ENERGYDEV.NS
629,ENGINERSIN.NS
630,ENIL.NS
631,ENRIN.NS
632,ENTERO.NS
633,EPACK.NS
634,EPACKPEB.NS
635,EPIGRAL.NS
636,EPL.NS
637,EQUIPPP.NS
638,EQUITASBNK.NS
639,ERIS.NS
640,ESABINDIA.NS
641,ESAFSFB.NS
642,ESCORTS.NS
643,ESSARSHPNG.NS
644,ESSENTIA.NS
645,ESTER.NS
646,ETERNAL.NS
647,ETHOSLTD.NS
648,EUREKAFORB.NS
649,EUROBOND.NS
650,EUROPRATIK.NS
651,EUROTEXIND.NS
652,EVEREADY.NS
653,EVERESTIND.NS
654,EXCELINDUS.NS
655,EXCELSOFT.NS
656,EXICOM.NS
657,EXIDEIND.NS
658,EXPLEOSOL.NS
659,EXXARO.NS
660,FABTECH.NS
661,FACT.NS
662,FAIRCHEMOR.NS
663,FAZE3Q.NS
664,FCL.NS
665,FCSSOFT.NS
666,FDC.NS
667,FEDDERSHOL.NS
668,FEDERALBNK.NS
669,FEDFINA.NS
670,FEL.NS
671,FELDVR.NS
672,FERMENTA.NS
673,FIBERWEB.NS
674,FIEMIND.NS
675,FILATEX.NS
676,FILATFASH.NS
677,FINCABLES.NS
678,FINEORG.NS
679,FINKURVE.NS
680,FINOPB.NS
681,FINPIPE.NS
682,FIRSTCRY.NS
683,FISCHER.NS
684,FIVESTAR.NS
685,FLAIR.NS
686,FLEXITUFF.NS
687,FLFL.NS
688,FLUOROCHEM.NS
689,FMGOETZE.NS
690,FMNL.NS
691,FOCUS.NS
692,FOODSIN.NS
693,FORCEMOT.NS
694,FORTIS.NS
695,FOSECOIND.NS
696,FRACTAL.NS
697,FRONTSP.NS
698,FSL.NS
699,FUSION.NS
700,GABRIEL.NS
701,GAEL.NS
702,GAIL.NS
703,GALAPREC.NS
704,GALAXYSURF.NS
705,GALLANTT.NS
706,GANDHAR.NS
707,GANDHITUBE.NS
708,GANECOS.NS
709,GANESHBE.NS
710,GANESHCP.NS
711,GANESHHOU.NS
712,GANGAFORGE.NS
713,GANGESSECU.NS
714,GARFIBRES.NS
715,GARUDA.NS
716,GATECH.NS
717,GATECHDVR.NS
718,GATEWAY.NS
719,GAUDIUMIVF.NS
720,GAYAHWS.NS
721,GAYAPROJ.NS
722,GCSL.NS
723,GEECEE.NS
724,GEEKAYWIRE.NS
725,GEMAROMA.NS
726,GENCON.NS
727,GENESYS.NS
728,GENUSPAPER.NS
729,GENUSPOWER.NS
730,GEOJITFSL.NS
731,GESHIP.NS
732,GFLLIMITED.NS
733,GHCL.NS
734,GHCLTEXTIL.NS
735,GICHSGFIN.NS
736,GICL.NS
737,GICRE.NS
738,GILLANDERS.NS
739,GILLETTE.NS
740,GINNIFILA.NS
741,GIPCL.NS
742,GKENERGY.NS
743,GKSL.NS
744,GKWLIMITED.NS
745,GLAND.NS
746,GLAXO.NS
747,GLENMARK.NS
748,GLFL.NS
749,GLOBAL.NS
750,GLOBALE.NS
751,GLOBALVECT.NS
752,GLOBE.NS
753,GLOBECIVIL.NS
754,GLOBUSSPR.NS
755,GLOSTERLTD.NS
756,GLOTTIS.NS
757,GMBREW.NS
758,GMDCLTD.NS
759,GMMPFAUDLR.NS
760,GMRAIRPORT.NS
761,GMRP&UI.NS
762,GNA.NS
763,GNFC.NS
764,GNRL.NS
765,GOACARBON.NS
766,GOCLCORP.NS
767,GOCOLORS.NS
768,GODAVARIB.NS
769,GODFRYPHLP.NS
770,GODIGIT.NS
771,GODREJAGRO.NS
772,GODREJCP.NS
773,GODREJIND.NS
774,GODREJPROP.NS
775,GOKEX.NS
776,GOKUL.NS
777,GOKULAGRO.NS
778,GOLDENTOBC.NS
779,GOLDIAM.NS
780,GOLDTECH.NS
781,GOODLUCK.NS
782,GOODYEAR.NS
783,GOPAL.NS
784,GOYALALUM.NS
785,GPIL.NS
786,GPPL.NS
787,GPTHEALTH.NS
788,GPTINFRA.NS
789,GRADIENTE.NS
790,GRANDOAK.NS
791,GRANULES.NS
792,GRAPHITE.NS
793,GRASIM.NS
794,GRAUWEIL.NS
795,GRAVISSHO.NS
796,GRAVITA.NS
797,GREAVESCOT.NS
798,GREENLAM.NS
799,GREENPANEL.NS
800,GREENPLY.NS
801,GREENPOWER.NS
802,GRINDWELL.NS
803,GRINFRA.NS
804,GRMOVER.NS
805,GROBTEA.NS
806,GROWW.NS
807,GRPLTD.NS
808,GRSE.NS
809,GRWRHITECH.NS
810,GSFC.NS
811,GSLSU.NS
812,GSPCROP.NS
813,GSS.NS
814,GTECJAINX.NS
815,GTL.NS
816,GTLINFRA.NS
817,GTPL.NS
818,GUFICBIO.NS
819,GUJALKALI.NS
820,GUJAPOLLO.NS
822,GUJRAFFIA.NS
823,GUJTHEM.NS
824,GULFOILLUB.NS
825,GULFPETRO.NS
826,GULPOLY.NS
827,GVKPIL.NS
828,GVPIL.NS
829,GVPTECH.NS
830,GVT&D.NS
831,HAL.NS
832,HALDER.NS
833,HALDYNGL.NS
834,HALEOSLABS.NS
835,HAPPSTMNDS.NS
836,HAPPYFORGE.NS
837,HARDWYN.NS
838,HARIOMPIPE.NS
839,HARRMALAYA.NS
840,HARSHA.NS
841,HATHWAY.NS
842,HATSUN.NS
843,HAVELLS.NS
844,HAVISHA.NS
845,HAWKINCOOK.NS
846,HBESD.NS
847,HBLENGINE.NS
848,HBSL.NS
849,HCC.NS
850,HCG.NS
851,HCL-INSYS.NS
852,HCLTECH.NS
853,HDBFS.NS
854,HDFCAMC.NS
855,HDFCBANK.NS
856,HDFCLIFE.NS
857,HDIL.NS
858,HEADSUP.NS
859,HEALTHX.NS
860,HECPROJECT.NS
861,HEG.NS
862,HEIDELBERG.NS
863,HEMIPROP.NS
864,HERANBA.NS
865,HERITGFOOD.NS
866,HEROMOTOCO.NS
867,HESTERBIO.NS
868,HEXAGON.NS
869,HEXATRADEX.NS
870,HEXT.NS
871,HFCL.NS
872,HGINFRA.NS
873,HGM.NS
874,HGS.NS
875,HIKAL.NS
876,HILINFRA.NS
877,HILTON.NS
878,HIMATSEIDE.NS
879,HINDALCO.NS
880,HINDCOMPOS.NS
881,HINDCON.NS
882,HINDCOPPER.NS
883,HINDOILEXP.NS
884,HINDPETRO.NS
885,HINDUNILVR.NS
886,HINDWAREAP.NS
887,HINDZINC.NS
888,HIRECT.NS
889,HISARMETAL.NS
890,HITECH.NS
891,HITECHCORP.NS
892,HITECHGEAR.NS
893,HLEGLAS.NS
894,HLVLTD.NS
895,HMAAGRO.NS
896,HMT.NS
897,HMVL.NS
898,HNDFDS.NS
899,HOMEFIRST.NS
900,HONASA.NS
901,HONAUT.NS
902,HONDAPOWER.NS
903,HPAL.NS
904,HPIL.NS
905,HPL.NS
906,HSCL.NS
907,HTMEDIA.NS
908,HUBTOWN.NS
909,HUDCO.NS
910,HUHTAMAKI.NS
911,HYBRIDFIN.NS
912,HYUNDAI.NS
913,IBULLSLTD.NS
914,ICDSLTD.NS
915,ICEMAKE.NS
916,ICICIAMC.NS
917,ICICIBANK.NS
918,ICICIGI.NS
919,ICICIPRULI.NS
920,ICIL.NS
921,ICRA.NS
922,IDBI.NS
923,IDEA.NS
924,IDEAFORGE.NS
925,IDFCFIRSTB.NS
926,IEX.NS
927,IFBAGRO.NS
928,IFBIND.NS
929,IFCI.NS
930,IFGLEXPOR.NS
931,IGARASHI.NS
932,IGCL.NS
933,IGIL.NS
934,IGL.NS
935,IGPL.NS
936,IIFL.NS
937,IIFLCAPS.NS
938,IITL.NS
939,IKIO.NS
940,IKS.NS
941,IL&FSENGG.NS
942,IL&FSTRANS.NS
943,IMAGICAA.NS
944,IMFA.NS
945,IMPAL.NS
946,INA.NS
947,INCREDIBLE.NS
948,INDBANK.NS
949,INDGN.NS
950,INDHOTEL.NS
951,INDIACEM.NS
952,INDIAGLYCO.NS
953,INDIAMART.NS
954,INDIANB.NS
955,INDIANCARD.NS
956,INDIANHUME.NS
957,INDIASHLTR.NS
958,INDIGO.NS
959,INDIGOPNTS.NS
960,INDIQUBE.NS
961,INDNIPPON.NS
962,INDOAMIN.NS
963,INDOBORAX.NS
964,INDOCO.NS
965,INDOFARM.NS
966,INDORAMA.NS
967,INDOSTAR.NS
968,INDOTECH.NS
969,INDOTHAI.NS
970,INDOUS.NS
971,INDOWIND.NS
972,INDPRUD.NS
973,INDRAMEDCO.NS
974,INDSWFTLAB.NS
975,INDTERRAIN.NS
976,INDUSINDBK.NS
977,INDUSTOWER.NS
978,INFOBEAN.NS
979,INFOMEDIA.NS
980,INFY.NS
981,INGERRAND.NS
982,INNOVACAP.NS
983,INNOVANA.NS
984,INNOVISION.NS
985,INOXGREEN.NS
986,INOXINDIA.NS
987,INOXWIND.NS
988,INSECTICID.NS
989,INSPIRISYS.NS
990,INTELLECT.NS
991,INTENTECH.NS
992,INTERARCH.NS
993,INTLCONV.NS
994,INVENTURE.NS
995,INVPRECQ.NS
996,IOB.NS
997,IOC.NS
998,IOLCP.NS
999,IONEXCHANG.NS
1000,IPCALAB.NS
1001,IPL.NS
1002,IRB.NS
1003,IRCON.NS
1004,IRCTC.NS
1005,IREDA.NS
1006,IRFC.NS
1007,IRIS.NS
1008,IRISDOREME.NS
1009,IRMENERGY.NS
1010,ISFT.NS
1011,ISGEC.NS
1012,ISHANCH.NS
1013,ITC.NS
1014,ITCHOTELS.NS
1015,ITDC.NS
1016,ITI.NS
1017,IVALUE.NS
1018,IVC.NS
1019,IVP.NS
1020,IWP.NS
1021,IXIGO.NS
1022,IZMO.NS
1023,J&KBANK.NS
1024,JAGRAN.NS
1025,JAGSNPHARM.NS
1026,JAIBALAJI.NS
1027,JAICORPLTD.NS
1028,JAINREC.NS
1029,JAIPURKURT.NS
1030,JAMNAAUTO.NS
1031,JARO.NS
1032,JASH.NS
1033,JAYAGROGN.NS
1034,JAYBARMARU.NS
1035,JAYKAY.NS
1036,JAYNECOIND.NS
1037,JAYSREETEA.NS
1039,JBMA.NS
1040,JETFREIGHT.NS
1041,JGCHEM.NS
1042,JHS.NS
1043,JINDALPHOT.NS
1044,JINDALPOLY.NS
1045,JINDALSAW.NS
1046,JINDALSTEL.NS
1047,JINDRILL.NS
1048,JINDWORLD.NS
1049,JIOFIN.NS
1050,JISLDVREQS.NS
1051,JISLJALEQS.NS
1052,JITFINFRA.NS
1053,JKCEMENT.NS
1054,JKIL.NS
1055,JKIPL.NS
1056,JKLAKSHMI.NS
1057,JKPAPER.NS
1058,JKTYRE.NS
1059,JLHL.NS
1060,JMA.NS
1061,JMFINANCIL.NS
1062,JNKINDIA.NS
1063,JOCIL.NS
1064,JPOLYINVST.NS
1065,JPPOWER.NS
1066,JSFB.NS
1067,JSL.NS
1068,JSLL.NS
1069,JSWCEMENT.NS
1070,JSWDULUX.NS
1071,JSWENERGY.NS
1072,JSWHL.NS
1073,JSWINFRA.NS
1074,JSWSTEEL.NS
1075,JTEKTINDIA.NS
1076,JTLIND.NS
1077,JUBLCPL.NS
1078,JUBLFOOD.NS
1079,JUBLINGREA.NS
1080,JUBLPHARMA.NS
1081,JUNIPER.NS
1082,JUSTDIAL.NS
1083,JWL.NS
1084,JYOTHYLAB.NS
1085,JYOTICNC.NS
1086,JYOTISTRUC.NS
1087,KABRAEXTRU.NS
1088,KAJARIACER.NS
1089,KAKATCEM.NS
1090,KALAMANDIR.NS
1091,KALPATARU.NS
1093,KALYANIFRG.NS
1094,KALYANKJIL.NS
1095,KAMAHOLD.NS
1096,KAMATHOTEL.NS
1097,KAMDHENU.NS
1098,KAMOPAINTS.NS
1099,KANANIIND.NS
1100,KANCHI.NS
1101,KANORICHEM.NS
1102,KANPRPLA.NS
1103,KANSAINER.NS
1104,KAPSTON.NS
1105,KARMAENG.NS
1106,KARURVYSYA.NS
1107,KAUSHALYA.NS
1108,KAVDEFENCE.NS
1109,KAYA.NS
1110,KAYNES.NS
1111,KCP.NS
1112,KCPSUGIND.NS
1113,KDDL.NS
1114,KEC.NS
1115,KECL.NS
1116,KEEPLEARN.NS
1117,KEI.NS
1118,KELLTONTEC.NS
1119,KENNAMET.NS
1120,KERNEX.NS
1121,KESORAMIND.NS
1122,KEYFINSERV.NS
1123,KFINTECH.NS
1124,KHADIM.NS
1125,KHAICHEM.NS
1126,KHAITANLTD.NS
1127,KHANDSE.NS
1128,KICL.NS
1129,KILITCH.NS
1130,KIMS.NS
1131,KINGFA.NS
1132,KIOCL.NS
1133,KIRANVYPAR.NS
1134,KIRIINDUS.NS
1135,KIRLFER.NS
1136,KIRLOSBROS.NS
1137,KIRLOSENG.NS
1138,KIRLOSIND.NS
1139,KIRLPNU.NS
1140,KISSHT.NS
1141,KITEX.NS
1142,KKCL.NS
1143,KLBRENG-B.NS
1144,KMEW.NS
1145,KMSUGAR.NS
1146,KNAGRI.NS
1147,KNRCON.NS
1148,KOHINOOR.NS
1149,KOKUYOCMLN.NS
1150,KOLTEPATIL.NS
1151,KOPRAN.NS
1152,KOTAKBANK.NS
1153,KOTARISUG.NS
1154,KOTHARIPET.NS
1155,KOTHARIPRO.NS
1156,KOTIC.NS
1157,KOTYARK.NS
1158,KOVAI.NS
1159,KPEL.NS
1160,KPIGREEN.NS
1161,KPIL.NS
1162,KPITTECH.NS
1163,KPL.NS
1164,KPRMILL.NS
1165,KRBL.NS
1166,KREBSBIO.NS
1167,KRIDHANINF.NS
1168,KRISHANA.NS
1169,KRISHIVAL.NS
1170,KRISHNADEF.NS
1171,KRITI.NS
1172,KRITIKA.NS
1173,KRITINUT.NS
1174,KRN.NS
1175,KRONOX.NS
1176,KROSS.NS
1177,KRSNAA.NS
1178,KRYSTAL.NS
1179,KSB.NS
1180,KSCL.NS
1181,KSHINTL.NS
1182,KSHITIJPOL.NS
1183,KSL.NS
1184,KSOLVES.NS
1185,KSR.NS
1186,KTKBANK.NS
1187,KUANTUM.NS
1188,KWIL.NS
1189,LAGNAM.NS
1190,LAHOTIOV.NS
1191,LAKPRE.NS
1192,LAL.NS
1193,LALPATHLAB.NS
1194,LAMBODHARA.NS
1195,LANCORHOL.NS
1196,LANDMARK.NS
1197,LANDSMILL.NS
1198,LAOPALA.NS
1199,LASA.NS
1200,LATENTVIEW.NS
1201,LATTEYS.NS
1202,LAURUSLABS.NS
1203,LAXMICOT.NS
1204,LAXMIDENTL.NS
1205,LAXMIINDIA.NS
1206,LCCINFOTEC.NS
1207,LEMERITE.NS
1208,LEMONTREE.NS
1209,LENSKART.NS
1210,LEXUS.NS
1211,LFIC.NS
1212,LGBBROSLTD.NS
1213,LGEINDIA.NS
1214,LGHL.NS
1215,LIBAS.NS
1216,LIBERTSHOE.NS
1217,LICHSGFIN.NS
1218,LICI.NS
1219,LIKHITHA.NS
1220,LINC.NS
1221,LINCOLN.NS
1222,LINDEINDIA.NS
1223,LLOYDSENGG.NS
1224,LLOYDSENT.NS
1225,LLOYDSME.NS
1226,LMW.NS
1227,LODHA.NS
1228,LOKESHMACH.NS
1229,LORDSCHLO.NS
1230,LOTUSDEV.NS
1231,LOTUSEYE.NS
1232,LOVABLE.NS
1233,LOYALTEX.NS
1234,LPDC.NS
1235,LT.NS
1236,LTF.NS
1237,LTFOODS.NS
1238,LTM.NS
1239,LTTS.NS
1240,LUMAXIND.NS
1241,LUMAXTECH.NS
1242,LUPIN.NS
1243,LUXIND.NS
1244,LXCHEM.NS
1245,LYKALABS.NS
1247,M&M.NS
1248,M&MFIN.NS
1249,MAANALU.NS
1250,MACPOWER.NS
1251,MADHAV.NS
1252,MADHAVIPL.NS
1253,MADHUCON.NS
1254,MADRASFERT.NS
1255,MAFATIND.NS
1256,MAGADSUGAR.NS
1257,MAGNUM.NS
1258,MAHABANK.NS
1259,MAHAPEXLTD.NS
1260,MAHASTEEL.NS
1261,MAHEPC.NS
1262,MAHESHWARI.NS
1263,MAHLIFE.NS
1264,MAHLOG.NS
1265,MAHSCOOTER.NS
1266,MAHSEAMLES.NS
1267,MAITHANALL.NS
1268,MAJESAUT.NS
1269,MALLCOM.NS
1270,MALUPAPER.NS
1271,MAMATA.NS
1272,MANAKALUCO.NS
1273,MANAKCOAT.NS
1274,MANAKSIA.NS
1275,MANAKSTEEL.NS
1276,MANALIPETC.NS
1277,MANAPPURAM.NS
1278,MANBA.NS
1279,MANCREDIT.NS
1280,MANGALAM.NS
1281,MANGLMCEM.NS
1282,MANINDS.NS
1283,MANINFRA.NS
1284,MANKIND.NS
1285,MANOMAY.NS
1286,MANORAMA.NS
1287,MANORG.NS
1288,MANUGRAPH.NS
1289,MANYAVAR.NS
1290,MAPMYINDIA.NS
1291,MARALOVER.NS
1292,MARATHON.NS
1293,MARICO.NS
1294,MARINE.NS
1295,MARKOLINES.NS
1296,MARKSANS.NS
1297,MARSONS.NS
1298,MARUTI.NS
1299,MASFIN.NS
1300,MASKINVEST.NS
1301,MASTEK.NS
1302,MASTERTR.NS
1303,MATRIMONY.NS
1304,MAWANASUG.NS
1305,MAXESTATES.NS
1306,MAXHEALTH.NS
1307,MAXIND.NS
1308,MAYURUNIQ.NS
1309,MAZDA.NS
1310,MAZDOCK.NS
1311,MBAPL.NS
1312,MBEL.NS
1313,MBLINFRA.NS
1314,MCCHRLS-B.NS
1315,MCL.NS
1316,MCLEODRUSS.NS
1317,MCLOUD.NS
1318,MCX.NS
1319,MEDANTA.NS
1320,MEDIASSIST.NS
1321,MEDICAMEQ.NS
1322,MEDICO.NS
1323,MEDPLUS.NS
1324,MEESHO.NS
1325,MEGASTAR.NS
1326,MEIL.NS
1327,MENNPIS.NS
1328,MENONBE.NS
1329,MEP.NS
1330,MERCANTILE.NS
1332,METROBRAND.NS
1333,METROGLOBL.NS
1334,METROPOLIS.NS
1335,MFML.NS
1336,MFSL.NS
1337,MGEL.NS
1338,MGL.NS
1339,MHLXMIRU.NS
1340,MHRIL.NS
1341,MICEL.NS
1342,MIDHANI.NS
1343,MIDWESTLTD.NS
1344,MINDACORP.NS
1345,MINDTECK.NS
1346,ONIDA.NS
1347,MIRZAINT.NS
1348,MITCON.NS
1349,MITTAL.NS
1350,MKPL.NS
1351,MMFL.NS
1352,MMP.NS
1353,MMTC.NS
1354,MMWL.NS
1355,MOBIKWIK.NS
1356,MODINATUR.NS
1357,MODIRUBBER.NS
1358,MODIS.NS
1359,MODISONLTD.NS
1360,MODTHREAD.NS
1361,MOHITIND.NS
1362,MOIL.NS
1363,MOKSH.NS
1364,MOL.NS
1365,MOLDTECH.NS
1366,MOLDTKPAC.NS
1367,MONARCH.NS
1368,MONEYBOXX.NS
1369,MONTECARLO.NS
1370,MORARJEE.NS
1371,MOREPENLAB.NS
1372,MOSCHIP.NS
1373,MOTHERSON.NS
1374,MOTILALOFS.NS
1375,MOTISONS.NS
1376,MOTOGENFIN.NS
1377,MPHASIS.NS
1378,MPSLTD.NS
1379,MRF.NS
1380,MRPL.NS
1381,MSPL.NS
1382,MSTCLTD.NS
1383,MSUMI.NS
1384,MTARTECH.NS
1385,MTEDUCARE.NS
1386,MTNL.NS
1387,MUFIN.NS
1388,MUFTI.NS
1389,MUKANDLTD.NS
1390,MUKKA.NS
1391,MUKTAARTS.NS
1392,MUNJALAU.NS
1393,MUNJALSHOW.NS
1394,MURUDCERA.NS
1395,MUTHOOTCAP.NS
1396,MUTHOOTFIN.NS
1397,MUTHOOTMF.NS
1398,MVGJL.NS
1399,MWL.NS
1400,NACLIND.NS
1401,NAGREEKCAP.NS
1402,NAGREEKEXP.NS
1403,NAHARCAP.NS
1404,NAHARINDUS.NS
1405,NAHARPOLY.NS
1406,NAHARSPING.NS
1407,NAM-INDIA.NS
1408,NARMADA.NS
1409,NATCAPSUQ.NS
1410,NATCOPHARM.NS
1411,NATHBIOGEN.NS
1412,NATIONALUM.NS
1413,NATIONSTD.NS
1414,NAUKRI.NS
1415,NAVA.NS
1416,NAVINFLUOR.NS
1417,NAVKARCORP.NS
1418,NAVKARURB.NS
1419,NAVNETEDUL.NS
1420,NAZARA.NS
1421,NBCC.NS
1422,NBIFIN.NS
1423,NCC.NS
1424,NCLIND.NS
1425,NDGL.NS
1426,NDL.NS
1427,NDLVENTURE.NS
1428,NDRAUTO.NS
1429,NDTV.NS
1430,NEAGI.NS
1431,NECCLTD.NS
1432,NECLIFE.NS
1433,NELCAST.NS
1434,NELCO.NS
1435,NEOGEN.NS
1436,NEPHROPLUS.NS
1437,NESCO.NS
1438,NESTLEIND.NS
1439,NETWEB.NS
1440,NETWORK18.NS
1441,NEULANDLAB.NS
1442,NEWGEN.NS
1443,NEXTMEDIA.NS
1444,NFL.NS
1445,NGIL.NS
1446,NGLFINE.NS
1447,NH.NS
1448,NHPC.NS
1449,NIACL.NS
1450,NIBE.NS
1451,NIBL.NS
1452,NIITLTD.NS
1453,NIITMTS.NS
1454,NILAINFRA.NS
1455,NILASPACES.NS
1456,NILE.NS
1457,NILKAMAL.NS
1458,NIMBSPROJ.NS
1459,NINSYS.NS
1460,NIPPOBATRY.NS
1461,NIRAJ.NS
1462,NIRAJISPAT.NS
1463,NIRLON.NS
1464,NITCO.NS
1465,NITINSPIN.NS
1466,NITIRAJ.NS
1467,NITTAGELA.NS
1468,NIVABUPA.NS
1469,NKIND.NS
1470,NLCINDIA.NS
1471,NMDC.NS
1472,NOCIL.NS
1473,NOIDATOLL.NS
1474,NORBTEAEXP.NS
1475,NORTHARC.NS
1476,NOVAAGRI.NS
1477,NOVARTIND.NS
1478,NPST.NS
1479,NRAIL.NS
1480,NRBBEARING.NS
1481,NRL.NS
1482,NSIL.NS
1483,NSLNISP.NS
1484,NTPC.NS
1485,NTPCGREEN.NS
1486,NUCLEUS.NS
1487,NURECA.NS
1488,NUVAMA.NS
1489,NUVOCO.NS
1490,NYKAA.NS
1491,OAL.NS
1492,OBCL.NS
1493,OBEROIRLTY.NS
1494,OCCLLTD.NS
1495,ODIGMA.NS
1496,OFSS.NS
1497,OIL.NS
1498,OILCOUNTUB.NS
1499,OLAELEC.NS
1500,OLECTRA.NS
1501,OMAXAUTO.NS
1502,OMAXE.NS
1503,OMFREIGHT.NS
1504,OMINFRAL.NS
1505,OMNI.NS
1506,OMPOWER.NS
1507,ONELIFECAP.NS
1508,ONEPOINT.NS
1509,ONESOURCE.NS
1510,ONGC.NS
1511,ONMOBILE.NS
1512,ONWARDTEC.NS
1513,OPTIEMUS.NS
1514,ORBTEXP.NS
1515,ORCHASP.NS
1516,ORCHPHARMA.NS
1517,ORICONENT.NS
1518,ORIENTALTL.NS
1519,ORIENTBELL.NS
1520,ORIENTCEM.NS
1521,ORIENTCER.NS
1522,ORIENTELEC.NS
1523,ORIENTHOT.NS
1524,ORIENTLTD.NS
1525,ORIENTPPR.NS
1526,ORIENTTECH.NS
1527,ORISSAMINE.NS
1528,ORKLAINDIA.NS
1529,ORTEL.NS
1530,ORTINGLOBE.NS
1531,OSIAHYPER.NS
1532,OSWALAGRO.NS
1533,OSWALGREEN.NS
1534,OSWALPUMPS.NS
1535,OSWALSEEDS.NS
1536,PACEDIGITK.NS
1537,PAGEIND.NS
1538,PAISALO.NS
1539,PAKKA.NS
1540,PALASHSECU.NS
1541,PALREDTEC.NS
1542,PANACEABIO.NS
1543,PANACHE.NS
1544,PANAMAPET.NS
1545,PANSARI.NS
1546,PAR.NS
1547,PARACABLES.NS
1548,PARADEEP.NS
1549,PARAGMILK.NS
1550,PARAS.NS
1551,PARASPETRO.NS
1552,PARKHOSPS.NS
1553,PARKHOTELS.NS
1554,PARSVNATH.NS
1555,PASHUPATI.NS
1556,PASUPTAC.NS
1557,PATANJALI.NS
1558,PATELENG.NS
1559,PATELRMART.NS
1560,PATINTLOG.NS
1561,PAUSHAKLTD.NS
1562,PAVNAIND.NS
1563,PAYTM.NS
1564,PCBL.NS
1565,PCJEWELLER.NS
1566,PDMJEPAPER.NS
1567,PDSL.NS
1568,PEARLPOLY.NS
1569,PENIND.NS
1570,PENINLAND.NS
1571,PERSISTENT.NS
1572,PETRONET.NS
1573,PFC.NS
1574,PFIZER.NS
1575,PFOCUS.NS
1576,PFS.NS
1577,PGEL.NS
1578,PGHH.NS
1579,PGHL.NS
1580,PGIL.NS
1581,PHOENIXLTD.NS
1582,PICCADIL.NS
1583,PIDILITIND.NS
1584,PIGL.NS
1585,PIIND.NS
1586,PILANIINVS.NS
1587,PILITA.NS
1588,PINELABS.NS
1589,PIONEEREMB.NS
1590,PIONRINV.NS
1591,PIRAMALFIN.NS
1592,PITTIENG.NS
1593,PIXTRANS.NS
1594,PKTEA.NS
1595,PLASTIBLEN.NS
1596,PLATIND.NS
1597,PLAZACABLE.NS
1598,PML.NS
1599,PNB.NS
1600,PNBGILTS.NS
1601,PNBHOUSING.NS
1602,PNC.NS
1603,PNCINFRA.NS
1604,PNGJL.NS
1605,PNGSREVA.NS
1606,POCL.NS
1607,PODDARMENT.NS
1608,POKARNA.NS
1609,POLICYBZR.NS
1610,POLYCAB.NS
1611,POLYMED.NS
1612,POLYPLEX.NS
1613,PONNIERODE.NS
1614,POONAWALLA.NS
1615,POWERGRID.NS
1616,POWERICA.NS
1617,POWERINDIA.NS
1618,POWERMECH.NS
1619,PPAP.NS
1620,PPL.NS
1621,PPLPHARMA.NS
1622,PRABHA.NS
1623,PRADPME.NS
1624,PRAENG.NS
1625,PRAJIND.NS
1626,PRAKASH.NS
1627,PRAKASHSTL.NS
1628,PRAVEG.NS
1629,PRAXIS.NS
1630,PRECAM.NS
1631,PRECOT.NS
1632,PRECWIRE.NS
1633,PREMCO.NS
1634,PREMEXPLN.NS
1635,PREMIER.NS
1636,PREMIERENE.NS
1637,PREMIERPOL.NS
1638,PRESTIGE.NS
1639,PRICOLLTD.NS
1640,PRIMESECU.NS
1641,PRIMO.NS
1642,PRINCEPIPE.NS
1643,PRITI.NS
1644,PRITIKAUTO.NS
1645,PRIVISCL.NS
1646,PROSTARM.NS
1647,PROTEAN.NS
1648,PROZONER.NS
1649,PRSMJOHNSN.NS
1650,PRUDENT.NS
1651,PRUDMOULI.NS
1652,PSB.NS
1653,PSPPROJECT.NS
1654,PTC.NS
1655,PTCIL.NS
1656,PTL.NS
1657,PUNJABCHEM.NS
1658,PURVA.NS
1659,PVP.NS
1660,PVRINOX.NS
1661,PVSL.NS
1662,PWL.NS
1663,PYRAMID.NS
1664,QMSMEDI.NS
1665,QPOWER.NS
1666,QUADFUTURE.NS
1667,QUESS.NS
1668,QUICKHEAL.NS
1669,QUINT.NS
1670,RACE.NS
1671,RACLGEAR.NS
1672,RADAAN.NS
1673,RADHIKAJWE.NS
1674,RADIANTCMS.NS
1675,RADICO.NS
1676,RADIOCITY.NS
1677,RAILTEL.NS
1678,RAIN.NS
1679,RAINBOW.NS
1680,RAJESHEXPO.NS
1681,RAJMET.NS
1682,RAJOOENG.NS
1683,RAJPALAYAM.NS
1684,RAJRATAN.NS
1685,RAJRILTD.NS
1686,RAJSREESUG.NS
1687,RAJTV.NS
1688,RALLIS.NS
1689,RAMANEWS.NS
1690,RAMAPHO.NS
1691,RAMASTEEL.NS
1692,RAMCOCEM.NS
1693,RAMCOIND.NS
1694,RAMCOSYS.NS
1695,RAMKY.NS
1696,RAMRAT.NS
1697,RANASUG.NS
1698,RANEHOLDIN.NS
1699,RATEGAIN.NS
1700,RATNAMANI.NS
1701,RATNAVEER.NS
1702,RAYMOND.NS
1703,RAYMONDLSL.NS
1704,RAYMONDREL.NS
1705,RBA.NS
1706,RBLBANK.NS
1707,RBZJEWEL.NS
1708,RCF.NS
1709,RCOM.NS
1710,RECLTD.NS
1711,REDINGTON.NS
1712,REDTAPE.NS
1713,REFEX.NS
1714,REGAAL.NS
1715,REGENCERAM.NS
1716,RELAXO.NS
1717,RELCHEMQ.NS
1718,RELIABLE.NS
1719,RELIANCE.NS
1720,RELIGARE.NS
1721,RELTD.NS
1722,RELTD.NS
1723,REMSONSIND.NS
1724,RENUKA.NS
1725,REPCOHOME.NS
1726,REPL.NS
1727,REPRO.NS
1728,RESPONIND.NS
1729,RETAIL.NS
1730,RGL.NS
1731,RHETAN.NS
1732,RHFL.NS
1733,RHIM.NS
1734,RHL.NS
1735,RICOAUTO.NS
1736,RIIL.NS
1737,RISHABH.NS
1738,RITCO.NS
1739,RITES.NS
1740,RKDL.NS
1741,RKEC.NS
1742,RKFORGE.NS
1743,RKSWAMY.NS
1744,RMC.NS
1745,RMDRIP.NS
1746,RML.NS
1747,RNBDENIMS.NS
1748,ROHLTD.NS
1749,ROLEXRINGS.NS
1750,ROLLT.NS
1751,ROML.NS
1752,ROSSARI.NS
1753,ROSSELLIND.NS
1754,ROSSTECH.NS
1755,ROTO.NS
1756,ROUTE.NS
1757,RPEL.NS
1758,RPGLIFE.NS
1759,RPOWER.NS
1760,RPPINFRA.NS
1761,RPPL.NS
1762,RPSGVENT.NS
1763,RPTECH.NS
1764,RRIL.NS
1765,RRKABEL.NS
1766,RSDFIN.NS
1767,RSL.NS
1768,RSSOFTWARE.NS
1769,RSWM.NS
1770,RSYSTEMS.NS
1771,RTNINDIA.NS
1772,RTNPOWER.NS
1773,RUBFILA.NS
1774,RUBICON.NS
1775,RUBYMILLS.NS
1776,RUCHINFRA.NS
1777,RUCHIRA.NS
1778,RUDRA.NS
1779,RUPA.NS
1780,RUSHIL.NS
1781,RUSTOMJEE.NS
1782,RVHL.NS
1783,RVNL.NS
1784,RVTH.NS
1785,S&SPOWER.NS
1786,SAATVIKGL.NS
1787,SABEVENTS.NS
1788,SADBHAV.NS
1789,SADBHIN.NS
1790,SADHNANIQ.NS
1791,SAFARI.NS
1792,SAGARDEEP.NS
1793,SAGCEM.NS
1794,SAGILITY.NS
1795,SAHLIBHFI.NS
1796,SAHYADRI.NS
1797,SAIL.NS
1798,SAILIFE.NS
1799,SAIPARENT.NS
1800,SAKAR.NS
1801,SAKHTISUG.NS
1802,SAKSOFT.NS
1803,SAKUMA.NS
1804,SALASAR.NS
1805,SALONA.NS
1806,SALSTEEL.NS
1807,SALZERELEC.NS
1808,SAMBHAAV.NS
1809,SAMBHV.NS
1810,SAMHI.NS
1811,SAMMAANCAP.NS
1812,SAMPANN.NS
1813,SANATHAN.NS
1814,SANDESH.NS
1815,SANDHAR.NS
1816,SANDUMA.NS
1817,SANGAMIND.NS
1818,SANGHVIMOV.NS
1819,SANGINITA.NS
1820,SANOFI.NS
1821,SANOFICONR.NS
1822,SANSERA.NS
1823,SANSTAR.NS
1824,SANWARIA.NS
1825,SAPPHIRE.NS
1826,SAPPL.NS
1827,SARDAEN.NS
1828,SAREGAMA.NS
1829,SARLAPOLY.NS
1830,SARVESHWAR.NS
1831,SASKEN.NS
1832,SATIA.NS
1833,SATIN.NS
1834,SAURASHCEM.NS
1835,SAYAJIHOTL.NS
1836,SBC.NS
1837,SBCL.NS
1838,SBFC.NS
1839,SBGLP.NS
1840,SBICARD.NS
1841,SBILIFE.NS
1842,SBIN.NS
1843,SCANSTL.NS
1844,SCHAEFFLER.NS
1845,SCHAND.NS
1846,SCHNEIDER.NS
1847,SCI.NS
1848,SCILAL.NS
1849,SCODATUBES.NS
1850,SCPL.NS
1851,SDBL.NS
1852,SEAMECLTD.NS
1853,SECMARK.NS
1854,SECURKLOUD.NS
1855,SEDEMAC.NS
1856,SEIL.NS
1857,SEJALLTD.NS
1858,SELMC.NS
1859,SEMAC.NS
1860,SENCO.NS
1861,SENORES.NS
1862,SEPC.NS
1863,SERVOTECH.NS
1864,SESHAPAPER.NS
1865,SETCO.NS
1866,SETL.NS
1867,SETUINFRA.NS
1868,SEYAIND.NS
1869,SFL.NS
1870,SGFIN.NS
1871,SGIL.NS
1872,SGL.NS
1873,SGMART.NS
1874,SHADOWFAX.NS
1875,SHAH.NS
1876,SHAH.NS
1877,SHAHALLOYS.NS
1878,SHAILY.NS
1879,SHAKTIPUMP.NS
1880,SHALBY.NS
1881,SHALPAINTS.NS
1882,SHANKARA.NS
1883,SHANTI.NS
1884,SHANTIGEAR.NS
1885,SHANTIGOLD.NS
1886,SHARDACROP.NS
1887,SHARDAMOTR.NS
1888,SHARDUL.NS
1889,SHAREINDIA.NS
1890,SHBAJRG.NS
1891,SHEKHAWATI.NS
1892,SHEMAROO.NS
1893,SHILCTECH.NS
1894,SHILPAMED.NS
1895,SHINDL.NS
1896,SHIVALIK.NS
1897,SHIVAMAUTO.NS
1898,SHIVAMILLS.NS
1899,SHIVATEX.NS
1900,SHIVAUM.NS
1901,SHK.NS
1902,SHOPERSTOP.NS
1903,SHRADHA.NS
1904,SHREDIGCEM.NS
1905,SHREECEM.NS
1906,SHREEJISPG.NS
1907,SHREEPUSHK.NS
1908,SHREERAMA.NS
1909,SHRENIK.NS
1910,SHREYANIND.NS
1911,SHRIKRISH.NS
1912,SHRINGARMS.NS
1913,SHRIPISTON.NS
1914,SHRIRAMFIN.NS
1915,SHRIRAMPPS.NS
1916,SHYAMCENT.NS
1917,SHYAMMETL.NS
1918,SHYAMTEL.NS
1919,SICAGEN.NS
1920,SICALLOG.NS
1921,SIEMENS.NS
1922,SIGACHI.NS
1923,SIGIND.NS
1924,SIGMA.NS
1925,SIGMAADV.NS
1926,SIGNATURE.NS
1927,SIGNPOST.NS
1928,SIKA.NS
1929,SIKKO.NS
1930,SIL.NS
1931,SILGO.NS
1932,SILINV.NS
1933,SILLYMONKS.NS
1934,SILVERTUC.NS
1935,SIMBHALS.NS
1936,SIMPLEXINF.NS
1937,SINCLAIR.NS
1938,SINDHUTRAD.NS
1939,SINGERIND.NS
1940,SINTERCOM.NS
1941,SIRCA.NS
1942,SIS.NS
1943,SITINET.NS
1944,SIYSIL.NS
1945,SJS.NS
1946,SJVN.NS
1947,SKFINDIA.NS
1948,SKFINDUS.NS
1949,SKIPPER.NS
1950,SKMEGGPROD.NS
1951,SKYGOLD.NS
1952,SMARTLINK.NS
1953,SMARTWORKS.NS
1954,SMCGLOBAL.NS
1955,SMLMAH.NS
1956,SMLT.NS
1957,SMSPHARMA.NS
1958,SNOWMAN.NS
1959,SOBHA.NS
1960,SOFTTECH.NS
1961,SOLARA.NS
1962,SOLARINDS.NS
1963,SOLARWORLD.NS
1964,SOLEX.NS
1965,SOMANYCERA.NS
1966,SOMATEX.NS
1967,SOMICONVEY.NS
1968,SONACOMS.NS
1969,SONAL.NS
1970,SONAMLTD.NS
1971,SONATSOFTW.NS
1972,SOTL.NS
1973,SOUTHBANK.NS
1974,SOUTHWEST.NS
1975,SPAL.NS
1976,SPANDANA.NS
1977,SPARC.NS
1978,SPCENET.NS
1979,SPECIALITY.NS
1980,SPECTRUM.NS
1981,SPENCERS.NS
1982,SPIC.NS
1983,SPLIL.NS
1984,SPLPETRO.NS
1985,SPMLINFRA.NS
1986,SPORTKING.NS
1987,SRD.NS
1988,SREEL.NS
1989,SRF.NS
1990,SRGHFL.NS
1991,SRHHYPOLTD.NS
1992,SRM.NS
1993,SRTL.NS
1994,SSDL.NS
1995,SSWL.NS
1996,STALLION.NS
1997,STANLEY.NS
1998,STAR.NS
1999,STARCEMENT.NS
2000,STARHEALTH.NS
2001,STARPAPER.NS
2002,STARTECK.NS
2003,STCINDIA.NS
2004,STEELCAS.NS
2005,STEELCITY.NS
2006,STEELXIND.NS
2007,STEL.NS
2008,STERTOOLS.NS
2009,STLNETWORK.NS
2010,STLTECH.NS
2011,STOVEKRAFT.NS
2012,STUDDS.NS
2013,STYL.NS
2014,STYLAMIND.NS
2015,STYLEBAAZA.NS
2016,STYRENIX.NS
2017,SUBEXLTD.NS
2018,SUBROS.NS
2019,SUDARCOLOR.NS
2020,SUDARSCHEM.NS
2021,SUDEEPPHRM.NS
2022,SUKHJITS.NS
2023,SULA.NS
2024,SUMEETINDS.NS
2025,SUMICHEM.NS
2026,SUMIT.NS
2027,SUMMITSEC.NS
2028,SUNCLAY.NS
2029,SUNDARAM.NS
2030,SUNDARMFIN.NS
2031,SUNDRMBRAK.NS
2032,SUNDRMFAST.NS
2033,SUNDROP.NS
2034,SUNFLAG.NS
2035,SUNPHARMA.NS
2036,SUNTECK.NS
2037,SUNTV.NS
2038,SUPERHOUSE.NS
2039,SUPERSPIN.NS
2040,SUPRAJIT.NS
2041,SUPREME.NS
2042,SUPREMEENG.NS
2043,SUPREMEIND.NS
2044,SUPREMEINF.NS
2045,SUPRIYA.NS
2046,SURAJEST.NS
2047,SURAJLTD.NS
2048,SURAKSHA.NS
2049,SURANASOL.NS
2050,SURANAT&P.NS
2051,SURYALA.NS
2052,SURYALAXMI.NS
2053,SURYAROSNI.NS
2054,SURYODAY.NS
2055,SUTLEJTEX.NS
2056,SUVEN.NS
2057,SUVIDHAA.NS
2058,SUYOG.NS
2059,SUZLON.NS
2060,SVLL.NS
2061,SVPGLOB.NS
2062,SWANCORP.NS
2063,SWANDEF.NS
2064,SWARAJENG.NS
2065,SWELECTES.NS
2066,SWIGGY.NS
2067,SWSOLAR.NS
2068,SYMPHONY.NS
2069,SYNCOMF.NS
2070,SYNGENE.NS
2071,SYRMA.NS
2072,SYSTMTXC.NS
2073,TAALTECH.NS
2074,TAINWALCHM.NS
2075,TAJGVK.NS
2076,TAKE.NS
2077,TALBROAUTO.NS
2078,TAMBOLIIN.NS
2079,TANLA.NS
2080,TARACHAND.NS
2081,TARAPUR.NS
2082,TARC.NS
2083,TARIL.NS
2084,TARMAT.NS
2085,TARSONS.NS
2086,TASTYBITE.NS
2087,TATACAP.NS
2088,TATACHEM.NS
2089,TATACOMM.NS
2090,TATACONSUM.NS
2091,TATAELXSI.NS
2092,TATAINVEST.NS
2093,TATAPOWER.NS
2094,TATASTEEL.NS
2095,TATATECH.NS
2096,TATVA.NS
2097,TBOTEK.NS
2098,TBZ.NS
2099,TCC.NS
2100,TCI.NS
2101,TCIEXP.NS
2102,TCIFINANCE.NS
2103,TCPLPACK.NS
2104,TCS.NS
2105,TDPOWERSYS.NS
2106,TEAMGTY.NS
2107,TEAMLEASE.NS
2108,TECHM.NS
2109,TECHNOE.NS
2110,TECHNVISN.NS
2111,TECILCHEM.NS
2112,TEGA.NS
2113,TEJASNET.NS
2114,TEMBO.NS
2115,TENNIND.NS
2116,TERASOFT.NS
2117,TEXINFRA.NS
2118,TEXMOPIPES.NS
2119,TEXRAIL.NS
2120,TFCILTD.NS
2121,TFL.NS
2122,TGBHOTELS.NS
2123,THACKER.NS
2124,THAKDEV.NS
2125,THANGAMAYL.NS
2126,THEINVEST.NS
2127,THEJO.NS
2128,THELEELA.NS
2129,THEMISMED.NS
2130,THERMAX.NS
2131,THOMASCOOK.NS
2132,THOMASCOTT.NS
2133,THYROCARE.NS
2134,TI.NS
2135,TICL.NS
2136,TIGERLOGS.NS
2137,TIIL.NS
2138,TIINDIA.NS
2139,TIJARIA.NS
2140,TIL.NS
2141,TIMETECHNO.NS
2142,TIMEX.NS
2143,TIMKEN.NS
2144,TINNARUBR.NS
2145,TIPSFILMS.NS
2146,TIPSMUSIC.NS
2147,TIRUMALCHM.NS
2148,TIRUPATIFL.NS
2149,TITAGARH.NS
2150,TITAN.NS
2151,TMB.NS
2152,TMCV.NS
2153,TMPV.NS
2154,TNPETRO.NS
2155,TNPL.NS
2156,TNTELE.NS
2157,TOKYOPLAST.NS
2158,TOLINS.NS
2159,TORNTPHARM.NS
2160,TORNTPOWER.NS
2161,TOTAL.NS
2162,TOUCHWOOD.NS
2163,TPHQ.NS
2164,TPLPLASTEH.NS
2165,TRACXN.NS
2166,TRANSPEK.NS
2167,TRANSRAILL.NS
2168,TRANSWORLD.NS
2169,TRAVELFOOD.NS
2170,TREEHOUSE.NS
2171,TREJHARA.NS
2172,TREL.NS
2173,TRENT.NS
2174,TRF.NS
2175,TRIDENT.NS
2176,TRIGYN.NS
2177,TRITURBINE.NS
2178,TRIVENI.NS
2179,TRU.NS
2180,TRUALT.NS
2181,TSFINV.NS
2182,TTKHLTCARE.NS
2183,TTKPRESTIG.NS
2184,TTL.NS
2185,TTML.NS
2186,TVSELECT.NS
2187,TVSHLTD.NS
2188,TVSMOTOR.NS
2189,TVSSCS.NS
2190,TVSSRICHAK.NS
2191,TVTODAY.NS
2192,TVVISION.NS
2193,UBL.NS
2194,UCAL.NS
2195,UCOBANK.NS
2196,UDS.NS
2197,UEL.NS
2198,UFBL.NS
2199,UFLEX.NS
2200,UFO.NS
2201,UGARSUGAR.NS
2202,UGROCAP.NS
2203,UJJIVANSFB.NS
2204,ULTRACEMCO.NS
2205,ULTRAMAR.NS
2206,UMAEXPORTS.NS
2207,UMESLTD.NS
2208,UMIYA-MRO.NS
2209,UNICHEMLAB.NS
2210,UNIDT.NS
2211,UNIECOM.NS
2212,UNIENTER.NS
2213,UNIINFO.NS
2214,UNIMECH.NS
2215,UNIONBANK.NS
2216,UNIPARTS.NS
2217,UNITDSPR.NS
2218,UNITECH.NS
2219,UNITEDPOLY.NS
2220,UNITEDTEA.NS
2221,UNIVASTU.NS
2222,UNIVCABLES.NS
2223,UNIVPHOTO.NS
2224,UNOMINDA.NS
2225,UPL.NS
2226,URAVIDEF.NS
2227,URBANCO.NS
2228,URJA.NS
2229,USHAMART.NS
2230,USK.NS
2231,UTIAMC.NS
2232,UTKARSHBNK.NS
2233,UTLSOLAR.NS
2234,UTTAMSUGAR.NS
2235,UYFINCORP.NS
2236,V2RETAIL.NS
2237,VADILALIND.NS
2238,VAIBHAVGBL.NS
2239,VAISHALI.NS
2240,VAKRANGEE.NS
2241,VALIANTLAB.NS
2242,VALIANTORG.NS
2243,VAML.NS
2244,VARDHACRLC.NS
2245,VARDMNPOLY.NS
2246,VARROC.NS
2247,VASCONEQ.NS
2248,VASWANI.NS
2249,VBL.NS
2250,VCL.NS
2251,VEDL.NS
2252,VEDPOWER.NS
2253,VEEDOL.NS
2254,VELJAN.NS
2255,VENKEYS.NS
2256,VENTIVE.NS
2257,VENUSPIPES.NS
2258,VENUSREM.NS
2259,VERANDA.NS
2260,VERTOZ.NS
2261,VESUVIUS.NS
2262,VETO.NS
2263,VGL.NS
2264,VGUARD.NS
2265,VHL.NS
2266,VHLTD.NS
2267,VIDHIING.NS
2268,VIDYAWIRES.NS
2269,VIJAYA.NS
2270,VIJIFIN.NS
2271,VIKASECO.NS
2272,VIKASLIFE.NS
2273,VIKRAMSOLR.NS
2274,VIKRAN.NS
2275,VIMTALABS.NS
2276,VINATIORGA.NS
2277,VINCOFE.NS
2278,VINDHYATEL.NS
2279,VINEETLAB.NS
2280,VINNY.NS
2281,VINYLINDIA.NS
2282,VIPCLOTHNG.NS
2283,VIPIND.NS
2284,VIPULLTD.NS
2285,VIRINCHI.NS
2286,VISACHROME.NS
2287,VISAKAIND.NS
2288,VISHNU.NS
2289,VISHWARAJ.NS
2290,VISL.NS
2291,VITAL.NS
2292,VIVIANA.NS
2293,VIVIDHA.NS
2294,VIVIMEDLAB.NS
2295,VIYASH.NS
2296,VLEGOV.NS
2297,VLSFINANCE.NS
2298,VMART.NS
2299,VMM.NS
2300,VMSTMT.NS
2301,VOGL.NS
2302,VOLTAMP.NS
2303,VOLTAS.NS
2304,VPRPL.NS
2305,VRAJ.NS
2306,VRLLOG.NS
2307,VSSL.NS
2308,VSTIND.NS
2309,VSTL.NS
2310,VSTTILLERS.NS
2311,VTL.NS
2312,WAAREEENER.NS
2313,WAAREEINDO.NS
2314,WAAREERTL.NS
2315,WABAG.NS
2316,WAKEFIT.NS
2317,WALCHANNAG.NS
2318,WANBURY.NS
2319,WCIL.NS
2320,WEALTH.NS
2321,WEBELSOLAR.NS
2322,WEIZMANIND.NS
2323,WEL.NS
2324,WELCORP.NS
2325,WELENT.NS
2326,WELINV.NS
2327,WELSPLSOL.NS
2328,WELSPUNLIV.NS
2329,WENDT.NS
2330,WESTLIFE.NS
2331,WEWIN.NS
2332,WEWORK.NS
2333,WHEELS.NS
2334,WHIRLPOOL.NS
2335,WILLAMAGOR.NS
2336,WINDLAS.NS
2337,WINDMACHIN.NS
2339,WIPL.NS
2340,WIPRO.NS
2341,WOCKPHARMA.NS
2342,WONDERLA.NS
2343,WORTHPERI.NS
2344,WPIL.NS
2345,WSI.NS
2346,WSTCSTPAPR.NS
2347,XCHANGING.NS
2348,XELPMOC.NS
2349,XPROINDIA.NS
2350,XTGLOBAL.NS
2351,YASHO.NS
2352,YATHARTH.NS
2353,YATRA.NS
2354,YESBANK.NS
2355,YUKEN.NS
2356,ZAGGLE.NS
2357,ZEEL.NS
2358,ZEELEARN.NS
2359,ZEEMEDIA.NS
2360,ZENITHEXPO.NS
2361,ZENITHSTL.NS
2362,ZENSARTECH.NS
2363,ZENTEC.NS
2364,ZFCVINDIA.NS
2365,ZFSTEERING.NS
2366,ZIMLAB.NS
2367,ZODIAC.NS
2368,ZODIACLOTH.NS
2369,ZOTA.NS
2370,ZSARACOM.NS
2371,ZUARI.NS
2372,ZUARIIND.NS
2373,ZYDUSLIFE.NS
2374,ZYDUSWELL.NS
